BJD,JD,V ,V_error
2453497.51225642,2453497.5063,17.8,0.1
2453498.48995728,2453498.484,16.1,0.05
2453509.40236937,2453509.3965,18.3,0.2
2453555.64921227,2453555.6455,14.74,0.02
2453778.92563193,2453778.9243,17.79,0.16
2453783.65905428,2453783.6573,17.21,0.31
2453793.88943985,2453793.8868,17.6,0.13
2453794.89072372,2453794.888,17.52,0.11
2453800.88981249,2453800.8866,13.79,0.01
2453801.61366971,2453801.6104,14.82,0.06
2453801.87769049,2453801.8744,14.92,0.02
2453802.86056734,2453802.8572,17.45,0.06
2453821.8541771,2453821.8495,17.69,0.15
2453822.84863512,2453822.8439,18.19,0.2
2453824.82834709,2453824.8235,17.63,0.19
2453827.82280724,2453827.8178,18.04,0.15
2453830.79525492,2453830.7901,17.94,0.15
2453846.75104306,2453846.7453,17.53,0.12
2453851.75895271,2453851.7531,17.89,0.14
2453854.80610113,2453854.8002,17.11,0.1
2453855.79371383,2453855.7878,18.19,0.11
2453856.74212464,2453856.7362,17.46,0.06
2453857.77333485,2453857.7674,15.33,0.06
2453883.69057033,2453883.6849,17.91,0.18
2453892.66385325,2453892.6585,17.94,0.17
2453902.62937861,2453902.6245,17.96,0.12
2453904.63426864,2453904.6295,17.51,0.13
2453907.63949522,2453907.6349,17.98,0.1
2453932.66391637,2453932.6611,13.66,0.02
2454150.64650656,2454150.6446,17.74,0.16
2454159.91000324,2454159.9073,17.71,0.18
2454160.879984,2454160.8772,18,0.18
2454168.90882796,2454168.9054,17.8,0.15
2454178.91255609,2454178.9084,18.09,0.13
2454180.86218665,2454180.8579,18.29,0.14
2454182.87911742,2454182.8747,18.2,0.12
2454183.84457843,2454183.8401,18.12,0.18
2454188.85977813,2454188.855,18.5,0.15
2454190.81758702,2454190.8127,18.11,0.17
2454210.81841209,2454210.8127,13.23,0.01
2454211.85843968,2454211.8527,13.42,0.01
2454212.85566464,2454212.8499,13.48,0.01
2454213.78628661,2454213.7805,13.49,0.01
2454223.81374181,2454223.8078,17.62,0.11
2454226.77825893,2454226.7723,17.72,0.12
2454227.43946095,2454227.4335,17.38,0.19
2454227.7641617,2454227.7582,17.53,0.08
2454229.43326305,2454229.4273,17.45,0.22
2454233.78804687,2454233.7821,17.83,0.06
2454238.80549293,2454238.7996,17.9,0.11
2454239.78077809,2454239.7749,18.28,0.11
2454240.7243624,2454240.7185,17.94,0.08
2454245.71935767,2454245.7136,17.51,0.11
2454250.71401734,2454250.7084,15.47,0.07
2454265.6582967,2454265.6533,18.03,0.1
2454266.64894551,2454266.644,17.75,0.06
2454269.64668353,2454269.6419,17.48,0.04
2454270.6709258,2454270.6662,17.28,0.18
2454273.63755201,2454273.633,17.86,0.12
2454274.63629135,2454274.6318,17.76,0.09
2454275.6518286,2454275.6474,17.97,0.1
2454536.840138,2454536.8365,17.61,0.12
2454538.82658513,2454538.8228,17.94,0.15
2454542.8328706,2454542.8288,18.23,0.16
2454554.80382327,2454554.799,17.79,0.12
2454559.78308701,2454559.778,17.97,0.12
2454563.81867739,2454563.8134,18.03,0.09
2454572.78732101,2454572.7817,18.44,0.24
2454600.7483396,2454600.7424,17.91,0.17
2454651.63261226,2454651.6289,18.19,0.12
2454652.63463926,2454652.631,17.84,0.09
2454653.63826533,2454653.6347,18.22,0.18
2454654.63799089,2454654.6345,17.81,0.18
2454655.63811564,2454655.6347,17.63,0.16
2454904.8800247,2454904.87616,18.325,0.144
2454914.811235,2454914.8067,18.49,0.14
2454915.81069661,2454915.8061,17.44,0.06
2454936.76800111,2454936.7624,17.68,0.14
2454937.75143376,2454937.7458,18.09,0.16
2454985.45403153,2454985.44853,12.445,0.003
2454994.36564688,2454994.36053,13.51,0.01
2454994.39487545,2454994.38976,13.54,0.07
2455001.38956451,2455001.38482,17.47,0.1
2455004.40730708,2455004.40274,16.87,0.09
2455218.93308381,2455218.9336,16.96,0.14
2455219.90646926,2455219.9069,16.85,0.1
2455231.91254383,2455231.9119,17.84,0.24
2455234.84614915,2455234.84524,17.416,0.077
2455238.8840737,2455238.8828,17.75,0.17
2455239.89316448,2455239.8918,17.74,0.15
2455261.90635029,2455261.9031,17.19,0.15
2455265.8496574,2455265.8461,17.8,0.18
2455271.87880127,2455271.8748,17.35,0.12
2455280.78679094,2455280.7822,17.91,0.27
2455300.78706991,2455300.7815,13.87,0.02
2455301.76500409,2455301.7594,15.15,0.04
2455336.64731081,2455336.64141,17.337,0.414
2455345.62609527,2455345.62041,17.243,0.474
2456485.46392098,2456485.46073,13.245,0.008
2456485.46520088,2456485.46201,13.278,0.008
2456485.46648078,2456485.46329,13.309,0.007
2456485.46775068,2456485.46456,13.288,0.007
2456485.46903059,2456485.46584,13.291,0.007
2456485.47031048,2456485.46712,13.326,0.007
2456485.47159038,2456485.4684,13.301,0.007
2456485.47287028,2456485.46968,13.311,0.007
2456485.47414019,2456485.47095,13.327,0.007
2456485.47542008,2456485.47223,13.311,0.007
2456485.47669998,2456485.47351,13.324,0.007
2456485.47797988,2456485.47479,13.332,0.007
2456485.47924979,2456485.47606,13.339,0.007
2456485.48053969,2456485.47735,13.336,0.007
2456485.48180959,2456485.47862,13.344,0.007
2456485.48308949,2456485.4799,13.33,0.009
2456485.48436939,2456485.48118,13.346,0.009
2456485.48565928,2456485.48247,13.34,0.009
2456485.48692919,2456485.48374,13.357,0.009
2456485.48819908,2456485.48501,13.355,0.009
2456485.48948898,2456485.4863,13.359,0.009
2456485.49075889,2456485.48757,13.348,0.007
2456485.49203878,2456485.48885,13.35,0.007
2456485.49331868,2456485.49013,13.364,0.007
2456485.49459858,2456485.49141,13.348,0.007
2456485.49587849,2456485.49269,13.347,0.007
2456485.49715838,2456485.49397,13.34,0.007
2456485.49843829,2456485.49525,13.346,0.007
2456485.49971818,2456485.49653,13.335,0.007
2456485.50099808,2456485.49781,13.335,0.007
2456485.50228798,2456485.4991,13.355,0.007
2456485.50355788,2456485.50037,13.363,0.007
2456485.50484778,2456485.50166,13.375,0.007
2456485.50612768,2456485.50294,13.366,0.007
2456485.50740758,2456485.50422,13.364,0.007
2456485.50868748,2456485.5055,13.364,0.009
2456485.50996738,2456485.50678,13.38,0.009
2456485.51125728,2456485.50807,13.368,0.009
2456485.51253718,2456485.50935,13.382,0.009
2456485.51382708,2456485.51064,13.395,0.009
2456485.51509698,2456485.51191,13.382,0.007
2456485.51637688,2456485.51319,13.369,0.007
2456485.51766678,2456485.51448,13.388,0.007
2456485.51894668,2456485.51576,13.38,0.007
2456485.52049656,2456485.51731,13.422,0.007
2456485.52232642,2456485.51914,13.396,0.007
2456485.52414627,2456485.52096,13.375,0.007
2456485.52597613,2456485.52279,13.341,0.007
2456485.52779599,2456485.52461,13.329,0.007
2456485.52960585,2456485.52642,13.282,0.007
2456485.5314257,2456485.52824,13.256,0.007
2456485.53324556,2456485.53006,13.216,0.007
2456485.53507542,2456485.53189,13.233,0.007
2456485.53688528,2456485.5337,13.229,0.007
2456485.53871513,2456485.53553,13.252,0.007
2456485.54054499,2456485.53736,13.244,0.007
2456485.54183489,2456485.53865,13.279,0.007
2456485.54311479,2456485.53993,13.273,0.007
2456485.54440469,2456485.54122,13.306,0.007
2456485.54568459,2456485.5425,13.3,0.007
2456485.54696449,2456485.54378,13.3,0.007
2456485.54826439,2456485.54508,13.328,0.007
2456485.54955428,2456485.54637,13.317,0.007
2456485.55084418,2456485.54766,13.321,0.007
2456485.55213408,2456485.54895,13.321,0.007
2456485.55341398,2456485.55023,13.33,0.007
2456485.55471388,2456485.55153,13.331,0.007
2456485.55599378,2456485.55281,13.341,0.007
2456485.55729368,2456485.55411,13.344,0.007
2456485.55857358,2456485.55539,13.343,0.007
2456485.55986348,2456485.55668,13.342,0.007
2456485.56115338,2456485.55797,13.348,0.007
2456485.56244328,2456485.55926,13.361,0.007
2456485.56374317,2456485.56056,13.368,0.007
2456485.56502307,2456485.56184,13.371,0.007
2456485.56632297,2456485.56314,13.359,0.007
2456485.56761287,2456485.56443,13.368,0.007
2456485.56890277,2456485.56572,13.379,0.007
2456485.57019267,2456485.56701,13.365,0.007
2456485.57148257,2456485.5683,13.363,0.008
2456485.57277247,2456485.56959,13.372,0.007
2456485.57406237,2456485.57088,13.379,0.007
2456485.57536227,2456485.57218,13.365,0.008
2456485.57665216,2456485.57347,13.378,0.008
2456485.57794206,2456485.57476,13.387,0.008
2456485.57923196,2456485.57605,13.396,0.008
2456485.58053186,2456485.57735,13.382,0.007
2456485.58181176,2456485.57863,13.384,0.007
2456485.58311166,2456485.57993,13.363,0.007
2456485.58441156,2456485.58123,13.38,0.007
2456485.58570146,2456485.58252,13.383,0.007
2456485.58699135,2456485.58381,13.389,0.007
2456485.58828125,2456485.5851,13.398,0.007
2456485.58957115,2456485.58639,13.412,0.007
2456485.59087105,2456485.58769,13.403,0.007
2456485.59216095,2456485.58898,13.41,0.007
2456485.59346085,2456485.59028,13.415,0.007
2456485.59475075,2456485.59157,13.423,0.007
2456485.59605064,2456485.59287,13.404,0.007
2456485.59735054,2456485.59417,13.406,0.007
2456485.59864044,2456485.59546,13.419,0.007
2456485.59994034,2456485.59676,13.385,0.007
2456485.60122024,2456485.59804,13.393,0.007
2456485.60253014,2456485.59935,13.346,0.007
2456485.60383004,2456485.60065,13.325,0.007
2456485.60511993,2456485.60194,13.317,0.007
2456485.60641983,2456485.60324,13.315,0.007
2456485.60771973,2456485.60454,13.303,0.007
2456485.60900963,2456485.60583,13.262,0.007
2456485.61030953,2456485.60713,13.252,0.007
2456485.61160943,2456485.60843,13.257,0.007
2456485.61289933,2456485.60972,13.255,0.007
2456485.61419922,2456485.61102,13.257,0.007
2456485.61548912,2456485.61231,13.26,0.007
2456485.61678902,2456485.61361,13.291,0.007
2456485.61809892,2456485.61492,13.286,0.007
2456485.61939882,2456485.61622,13.297,0.007
2456485.62069871,2456485.61752,13.332,0.007
2456485.62199861,2456485.61882,13.342,0.007
2456485.62329851,2456485.62012,13.345,0.007
2456485.62458841,2456485.62141,13.366,0.008
2456485.62588831,2456485.62271,13.352,0.008
2456485.62719821,2456485.62402,13.353,0.007
2456485.6284881,2456485.62531,13.363,0.007
2456485.629788,2456485.62661,13.37,0.007
2456485.6310879,2456485.62791,13.369,0.008
2456485.6323878,2456485.62921,13.362,0.008
2456485.6336877,2456485.63051,13.364,0.008
2456485.6349976,2456485.63182,13.371,0.008
2456485.63628749,2456485.63311,13.368,0.008
2456485.63759739,2456485.63442,13.399,0.008
2456485.63889729,2456485.63572,13.4,0.007
2456485.64018719,2456485.63701,13.393,0.008
2456485.64149709,2456485.63832,13.399,0.008
2456485.64280698,2456485.63963,13.384,0.007
2456485.64410688,2456485.64093,13.388,0.008
2456485.64540678,2456485.64223,13.405,0.008
2456485.64671668,2456485.64354,13.407,0.008
2456485.64801658,2456485.64484,13.406,0.008
2456485.64932647,2456485.64615,13.424,0.008
2456485.65062637,2456485.64745,13.417,0.008
2456485.65192627,2456485.64875,13.433,0.008
2456485.65323617,2456485.65006,13.415,0.008
2456485.65454606,2456485.65137,13.428,0.008
2456485.65584596,2456485.65267,13.427,0.027
2456485.65714586,2456485.65397,13.443,0.007
2456485.65845576,2456485.65528,13.442,0.008
2456485.65976566,2456485.65659,13.442,0.008
2456485.66106555,2456485.65789,13.435,0.008
2456485.66237545,2456485.6592,13.435,0.008
2456485.66367535,2456485.6605,13.441,0.008
2456485.66498525,2456485.66181,13.439,0.008
2456485.66628514,2456485.66311,13.449,0.008
2456485.66759504,2456485.66442,13.472,0.008
2456485.66890494,2456485.66573,13.46,0.008
2456485.67021484,2456485.66704,13.467,0.008
2456485.67150474,2456485.66833,13.469,0.008
2456485.67281463,2456485.66964,13.464,0.008
2456485.67412453,2456485.67095,13.438,0.008
2456486.46473238,2456486.46162,13.248,0.007
2456486.46600228,2456486.46289,13.265,0.007
2456486.46729218,2456486.46418,13.303,0.007
2456486.46856208,2456486.46545,13.318,0.007
2456486.46983198,2456486.46672,13.332,0.007
2456486.47111188,2456486.468,13.355,0.007
2456486.47239177,2456486.46928,13.339,0.007
2456486.47367167,2456486.47056,13.352,0.007
2456486.47495157,2456486.47184,13.362,0.007
2456486.47622147,2456486.47311,13.36,0.007
2456486.47751137,2456486.4744,13.367,0.007
2456486.47878127,2456486.47567,13.365,0.007
2456486.48007117,2456486.47696,13.358,0.007
2456486.48134107,2456486.47823,13.388,0.009
2456486.48262097,2456486.47951,13.374,0.009
2456486.48390087,2456486.48079,13.391,0.009
2456486.48518077,2456486.48207,13.39,0.009
2456486.48647066,2456486.48336,13.39,0.009
2456486.48774057,2456486.48463,13.396,0.009
2456486.48902046,2456486.48591,13.405,0.009
2456486.49031036,2456486.4872,13.404,0.009
2456486.49158026,2456486.48847,13.427,0.01
2456486.49287016,2456486.48976,13.43,0.009
2456486.49414006,2456486.49103,13.44,0.009
2456486.49541996,2456486.49231,13.413,0.008
2456486.49670986,2456486.4936,13.435,0.007
2456486.49798976,2456486.49488,13.438,0.009
2456486.49926965,2456486.49616,13.429,0.007
2456486.50054955,2456486.49744,13.417,0.009
2456486.50183945,2456486.49873,13.423,0.009
2456486.50311935,2456486.50001,13.423,0.009
2456486.50438925,2456486.50128,13.437,0.009
2456486.50567915,2456486.50257,13.439,0.009
2456486.50695905,2456486.50385,13.431,0.009
2456486.50824895,2456486.50514,13.453,0.009
2456486.50952885,2456486.50642,13.437,0.01
2456486.51081874,2456486.50771,13.448,0.008
2456486.51208864,2456486.50898,13.461,0.007
2456486.51337854,2456486.51027,13.463,0.007
2456486.51465844,2456486.51155,13.475,0.008
2456486.51594834,2456486.51284,13.462,0.008
2456486.51749822,2456486.51439,13.475,0.008
2456486.51930807,2456486.5162,13.456,0.008
2456486.52112793,2456486.51802,13.456,0.008
2456486.52293779,2456486.51983,13.419,0.008
2456486.52474764,2456486.52164,13.402,0.008
2456486.5265575,2456486.52345,13.361,0.007
2456486.52837736,2456486.52527,13.349,0.007
2456486.53018722,2456486.52708,13.321,0.007
2456486.53199707,2456486.52889,13.264,0.007
2456486.53381693,2456486.53071,13.244,0.007
2456486.53562679,2456486.53252,13.242,0.007
2456486.53744664,2456486.53434,13.268,0.007
2456486.53873654,2456486.53563,13.261,0.007
2456486.54001644,2456486.53691,13.269,0.007
2456486.54129634,2456486.53819,13.292,0.007
2456486.54259624,2456486.53949,13.305,0.007
2456486.54388613,2456486.54078,13.316,0.007
2456486.54516603,2456486.54206,13.348,0.007
2456486.54646593,2456486.54336,13.355,0.007
2456486.54774583,2456486.54464,13.383,0.007
2456486.54903573,2456486.54593,13.374,0.007
2456486.55032563,2456486.54722,13.376,0.007
2456486.55161553,2456486.54851,13.392,0.007
2456486.55290542,2456486.5498,13.388,0.007
2456486.55419532,2456486.55109,13.391,0.007
2456486.55548522,2456486.55238,13.398,0.007
2456486.55677512,2456486.55367,13.413,0.007
2456486.55805502,2456486.55495,13.407,0.007
2456486.55935491,2456486.55625,13.406,0.008
2456486.56065481,2456486.55755,13.417,0.007
2456486.56193471,2456486.55883,13.423,0.008
2456486.56323461,2456486.56013,13.41,0.007
2456486.56451451,2456486.56141,13.433,0.008
2456486.5658144,2456486.56271,13.422,0.007
2456486.5670943,2456486.56399,13.433,0.008
2456486.5683942,2456486.56529,13.437,0.008
2456486.5696941,2456486.56659,13.448,0.007
2456486.570974,2456486.56787,13.468,0.007
2456486.57227389,2456486.56917,13.45,0.007
2456486.57356379,2456486.57046,13.468,0.007
2456486.57485369,2456486.57175,13.446,0.008
2456486.57614359,2456486.57304,13.437,0.007
2456486.57744349,2456486.57434,13.437,0.007
2456486.57873338,2456486.57563,13.45,0.008
2456486.58002328,2456486.57692,13.447,0.007
2456486.58132318,2456486.57822,13.442,0.008
2456486.58261308,2456486.57951,13.461,0.008
2456486.58390298,2456486.5808,13.465,0.008
2456486.58519287,2456486.58209,13.461,0.008
2456486.58649277,2456486.58339,13.468,0.008
2456486.58779267,2456486.58469,13.473,0.008
2456486.58908257,2456486.58598,13.49,0.008
2456486.59037246,2456486.58727,13.497,0.008
2456486.59166236,2456486.58856,13.483,0.008
2456486.59297226,2456486.58987,13.488,0.008
2456486.59427216,2456486.59117,13.5,0.008
2456486.59557205,2456486.59247,13.473,0.008
2456486.59686195,2456486.59376,13.497,0.008
2456486.59815185,2456486.59505,13.487,0.008
2456486.59944175,2456486.59634,13.462,0.008
2456486.60074165,2456486.59764,13.416,0.007
2456486.60205154,2456486.59895,13.409,0.008
2456486.60334144,2456486.60024,13.393,0.007
2456486.60464134,2456486.60154,13.372,0.007
2456486.60594124,2456486.60284,13.345,0.007
2456486.60723113,2456486.60413,13.341,0.007
2456486.60853103,2456486.60543,13.337,0.007
2456486.60982093,2456486.60672,13.322,0.007
2456486.61113083,2456486.60803,13.285,0.007
2456486.61243072,2456486.60933,13.284,0.007
2456486.61373062,2456486.61063,13.282,0.007
2456486.61503052,2456486.61193,13.285,0.007
2456486.61633041,2456486.61323,13.291,0.007
2456486.61763031,2456486.61453,13.28,0.007
2456486.61893021,2456486.61583,13.35,0.007
2456486.62023011,2456486.61713,13.348,0.007
2456486.62153,2456486.61843,13.381,0.008
2456486.6228299,2456486.61973,13.413,0.008
2456486.6241298,2456486.62103,13.41,0.008
2456486.6254297,2456486.62233,13.401,0.008
2456486.62672959,2456486.62363,13.405,0.008
2456486.62802949,2456486.62493,13.396,0.008
2456486.62932939,2456486.62623,13.406,0.008
2456486.63062929,2456486.62753,13.428,0.008
2456486.63192918,2456486.62883,13.422,0.008
2456486.63323908,2456486.63014,13.413,0.008
2456486.63453898,2456486.63144,13.417,0.008
2456486.63583888,2456486.63274,13.421,0.008
2456486.63714877,2456486.63405,13.423,0.007
2456486.63845867,2456486.63536,13.432,0.008
2456486.63976857,2456486.63667,13.435,0.008
2456486.64105846,2456486.63796,13.438,0.008
2456486.64236836,2456486.63927,13.434,0.008
2456486.64367825,2456486.64058,13.446,0.008
2456486.64497815,2456486.64188,13.446,0.008
2456486.64627805,2456486.64318,13.453,0.008
2456486.64757795,2456486.64448,13.45,0.008
2456486.64888784,2456486.64579,13.449,0.008
2456486.65018774,2456486.64709,13.452,0.008
2456486.65149764,2456486.6484,13.469,0.008
2456486.65280753,2456486.64971,13.474,0.008
2456486.65411743,2456486.65102,13.463,0.008
2456486.65540733,2456486.65231,13.496,0.008
2456486.65671722,2456486.65362,13.478,0.008
2456486.65802712,2456486.65493,13.498,0.008
2456486.65933702,2456486.65624,13.463,0.008
2456486.66062692,2456486.65753,13.487,0.008
2456486.66194681,2456486.65885,13.513,0.008
2456486.66325671,2456486.66016,13.512,0.008
2456486.66456661,2456486.66147,13.525,0.008
2456486.6658765,2456486.66278,13.51,0.008
2456486.6671864,2456486.66409,13.518,0.008
2456486.6684863,2456486.66539,13.542,0.008
2456486.66979619,2456486.6667,13.527,0.008
2456486.67110609,2456486.66801,13.54,0.008
2456487.46806292,2456487.46503,13.388,0.008
2456487.47044273,2456487.46741,13.398,0.008
2456487.47282254,2456487.46979,13.416,0.008
2456487.47519235,2456487.47216,13.412,0.008
2456487.47757216,2456487.47454,13.422,0.008
2456487.47995198,2456487.47692,13.417,0.008
2456487.48232179,2456487.47929,13.433,0.008
2456487.4847116,2456487.48168,13.439,0.008
2456487.48709141,2456487.48406,13.444,0.008
2456487.48947122,2456487.48644,13.467,0.008
2456487.49185103,2456487.48882,13.471,0.008
2456487.49422084,2456487.49119,13.457,0.008
2456487.49661065,2456487.49358,13.475,0.008
2456487.49900046,2456487.49597,13.481,0.008
2456487.50137027,2456487.49834,13.496,0.008
2456487.50376008,2456487.50073,13.508,0.008
2456487.50615989,2456487.50313,13.507,0.008
2456487.5085397,2456487.50551,13.513,0.008
2456487.51091951,2456487.50789,13.509,0.008
2456487.51330932,2456487.51028,13.512,0.008
2456487.51589912,2456487.51287,13.437,0.007
2456487.51875889,2456487.51573,13.403,0.007
2456487.52160866,2456487.51858,13.353,0.007
2456487.52446843,2456487.52144,13.35,0.007
2456487.52733821,2456487.52431,13.309,0.007
2456487.53018798,2456487.52716,13.326,0.007
2456487.53304775,2456487.53002,13.314,0.007
2456487.53590753,2456487.53288,13.324,0.007
2456487.53863731,2456487.53561,13.388,0.007
2456487.54136709,2456487.53834,13.378,0.007
2456487.54410687,2456487.54108,13.378,0.007
2456487.54684666,2456487.54382,13.392,0.007
2456487.54957644,2456487.54655,13.408,0.007
2456487.55230622,2456487.54928,13.401,0.008
2456487.555056,2456487.55203,13.395,0.007
2456487.55778578,2456487.55476,13.425,0.007
2456487.56051557,2456487.55749,13.455,0.008
2456487.56325535,2456487.56023,13.47,0.007
2456487.56598513,2456487.56296,13.463,0.008
2456487.56873491,2456487.56571,13.454,0.008
2456487.5714747,2456487.56845,13.445,0.008
2456487.57421448,2456487.57119,13.457,0.007
2456487.57694426,2456487.57392,13.475,0.008
2456487.57969404,2456487.57667,13.48,0.008
2456487.58243382,2456487.57941,13.515,0.008
2456487.58517361,2456487.58215,13.499,0.008
2456487.58792339,2456487.5849,13.51,0.008
2456487.59065317,2456487.58763,13.469,0.008
2456487.59340295,2456487.59038,13.424,0.008
2456487.59615273,2456487.59313,13.405,0.007
2456487.59889251,2456487.59587,13.361,0.007
2456487.6016323,2456487.59861,13.315,0.007
2456487.60437208,2456487.60135,13.287,0.007
2456487.60713186,2456487.60411,13.311,0.007
2456487.60987164,2456487.60685,13.318,0.007
2456487.61263142,2456487.60961,13.343,0.008
2456487.6153812,2456487.61236,13.392,0.008
2456487.61812098,2456487.6151,13.397,0.008
2456487.62088076,2456487.61786,13.406,0.007
2456487.62363054,2456487.62061,13.429,0.008
2456487.62639032,2456487.62337,13.415,0.008
2456487.62914011,2456487.62612,13.419,0.008
2456487.63190988,2456487.62889,13.399,0.008
2456487.63465967,2456487.63164,13.447,0.008
2456487.63742945,2456487.63441,13.462,0.008
2456487.64017923,2456487.63716,13.479,0.008
2456487.64294901,2456487.63993,13.487,0.008
2456487.64571879,2456487.6427,13.464,0.008
2456487.64847857,2456487.64546,13.47,0.008
2456487.65124835,2456487.64823,13.479,0.008
2456487.65401812,2456487.651,13.521,0.008
2456487.65644793,2456487.65343,13.541,0.008
2456487.65887774,2456487.65586,13.535,0.008
2456487.66130754,2456487.65829,13.525,0.008
2456487.66373735,2456487.66072,13.501,0.008
2456487.66617716,2456487.66316,13.509,0.009
2456487.66860696,2456487.66559,13.457,0.008
2456488.46838307,2456488.46543,13.508,0.008
2456488.47076288,2456488.46781,13.526,0.008
2456488.47314269,2456488.47019,13.527,0.008
2456488.4755225,2456488.47257,13.515,0.008
2456488.47789231,2456488.47494,13.511,0.008
2456488.48028212,2456488.47733,13.514,0.008
2456488.48266193,2456488.47971,13.537,0.008
2456488.48504174,2456488.48209,13.536,0.008
2456488.48743155,2456488.48448,13.525,0.008
2456488.48981136,2456488.48686,13.559,0.008
2456488.49220116,2456488.48925,13.551,0.008
2456488.49458097,2456488.49163,13.588,0.008
2456488.49697078,2456488.49402,13.589,0.008
2456488.49935059,2456488.4964,13.586,0.008
2456488.5017304,2456488.49878,13.595,0.008
2456488.50413021,2456488.50118,13.598,0.008
2456488.50651002,2456488.50356,13.583,0.008
2456488.50890982,2456488.50596,13.559,0.008
2456488.51128963,2456488.50834,13.536,0.008
2456488.51388942,2456488.51094,13.473,0.008
2456488.51675919,2456488.51381,13.456,0.008
2456488.51962896,2456488.51668,13.436,0.008
2456488.52249874,2456488.51955,13.424,0.008
2456488.52536851,2456488.52242,13.41,0.008
2456488.52823828,2456488.52529,13.416,0.007
2456488.53110804,2456488.52816,13.439,0.008
2456488.53398781,2456488.53104,13.478,0.008
2456488.5367176,2456488.53377,13.509,0.008
2456488.53944738,2456488.5365,13.51,0.008
2456488.54219716,2456488.53925,13.525,0.008
2456488.54493694,2456488.54199,13.525,0.008
2456488.54766672,2456488.54472,13.515,0.008
2456488.5503965,2456488.54745,13.524,0.008
2456488.55315628,2456488.55021,13.51,0.008
2456488.55588606,2456488.55294,13.531,0.008
2456488.55862584,2456488.55568,13.541,0.008
2456488.56138562,2456488.55844,13.554,0.008
2456488.5641254,2456488.56118,13.556,0.008
2456488.56685518,2456488.56391,13.555,0.008
2456488.56960496,2456488.56666,13.568,0.008
2456488.57234474,2456488.5694,13.591,0.008
2456488.57509452,2456488.57215,13.587,0.008
2456488.5778543,2456488.57491,13.607,0.008
2456488.58060408,2456488.57766,13.605,0.008
2456488.58336385,2456488.58042,13.573,0.008
2456488.58610363,2456488.58316,13.547,0.008
2456488.58884342,2456488.5859,13.55,0.008
2456488.59159319,2456488.58865,13.512,0.008
2456488.59434297,2456488.5914,13.508,0.008
2456488.59710275,2456488.59416,13.52,0.008
2456488.59985253,2456488.59691,13.468,0.008
2456488.60260231,2456488.59966,13.445,0.008
2456488.60536209,2456488.60242,13.455,0.008
2456488.60811187,2456488.60517,13.489,0.008
2456488.61086165,2456488.60792,13.506,0.008
2456488.61361143,2456488.61067,13.551,0.008
2456488.61638121,2456488.61344,13.52,0.009
2456488.61914098,2456488.6162,13.54,0.009
2456488.62190076,2456488.61896,13.545,0.009
2456488.62466054,2456488.62172,13.548,0.009
2456488.62743032,2456488.62449,13.543,0.009
2456488.6302001,2456488.62726,13.549,0.009
2456488.63295988,2456488.63002,13.556,0.009
2456488.63572966,2456488.63279,13.553,0.009
2456488.63850943,2456488.63557,13.557,0.009
2456488.64126921,2456488.63833,13.574,0.009
2456488.64403899,2456488.6411,13.581,0.009
2456488.64681876,2456488.64388,13.596,0.009
2456488.64957854,2456488.64664,13.615,0.009
2456488.65236832,2456488.64943,13.602,0.009
2456488.65479812,2456488.65186,13.628,0.009
2456488.65722793,2456488.65429,13.613,0.008
2456488.65967773,2456488.65674,13.62,0.009
2456488.66210754,2456488.65917,13.618,0.009
2456488.66454734,2456488.66161,13.574,0.009
2456489.46918258,2456489.46631,13.655,0.009
2456489.47204235,2456489.46917,13.657,0.009
2456489.47488212,2456489.47201,13.67,0.009
2456489.47774189,2456489.47487,13.68,0.009
2456489.48060166,2456489.47773,13.674,0.009
2456489.48346143,2456489.48059,13.677,0.009
2456489.4863212,2456489.48345,13.704,0.009
2456489.48918097,2456489.48631,13.708,0.009
2456489.49204074,2456489.48917,13.722,0.009
2456489.4949105,2456489.49204,13.725,0.009
2456489.49778027,2456489.49491,13.711,0.009
2456489.50062004,2456489.49775,13.692,0.009
2456489.50347981,2456489.50061,13.659,0.009
2456489.50634958,2456489.50348,13.654,0.009
2456489.50942933,2456489.50656,13.63,0.009
2456489.51278906,2456489.50992,13.645,0.009
2456489.51614879,2456489.51328,13.598,0.009
2456489.51948852,2456489.51662,13.569,0.008
2456489.52284825,2456489.51998,13.569,0.009
2456489.52619798,2456489.52333,13.586,0.009
2456489.52955771,2456489.52669,13.633,0.009
2456489.53276745,2456489.5299,13.64,0.009
2456489.53597719,2456489.53311,13.622,0.009
2456489.53919693,2456489.53633,13.64,0.009
2456489.54241667,2456489.53955,13.663,0.009
2456489.54564641,2456489.54278,13.679,0.009
2456489.54886615,2456489.546,13.655,0.009
2456489.55208589,2456489.54922,13.671,0.009
2456489.55531562,2456489.55245,13.668,0.009
2456489.55854536,2456489.55568,13.691,0.01
2456489.5617751,2456489.55891,13.66,0.009
2456489.56500484,2456489.56214,13.685,0.01
2456489.56824458,2456489.56538,13.697,0.01
2456489.57147432,2456489.56861,13.704,0.009
2456489.57471406,2456489.57185,13.697,0.01
2456489.5779438,2456489.57508,13.678,0.01
2456489.58117354,2456489.57831,13.646,0.009
2456489.58441327,2456489.58155,13.628,0.009
2456489.58763301,2456489.58477,13.636,0.009
2456489.59086275,2456489.588,13.63,0.009
2456489.59409249,2456489.59123,13.605,0.009
2456489.59733223,2456489.59447,13.59,0.009
2456489.60057197,2456489.59771,13.579,0.009
2456489.60381171,2456489.60095,13.639,0.009
2456489.60704145,2456489.60418,13.657,0.009
2456489.61029118,2456489.60743,13.638,0.009
2456489.61353092,2456489.61067,13.632,0.009
2456489.61676066,2456489.6139,13.654,0.009
2456489.6200004,2456489.61714,13.667,0.01
2456489.62324014,2456489.62038,13.692,0.01
2456489.62648987,2456489.62363,13.658,0.01
2456489.62973961,2456489.62688,13.668,0.01
2456489.63298935,2456489.63013,13.704,0.011
2456489.63623909,2456489.63338,13.698,0.011
2456489.63948882,2456489.63663,13.698,0.01
2456489.64273856,2456489.63988,13.73,0.013
2456489.6460083,2456489.64315,13.73,0.015
2456489.64924804,2456489.64639,13.741,0.013
2456489.65249777,2456489.64964,13.722,0.011
2456489.65576751,2456489.65291,13.683,0.011
2456489.65901725,2456489.65616,13.665,0.01
2456489.66226698,2456489.65941,13.65,0.01
2456490.46928156,2456490.46649,13.753,0.011
2456490.47214133,2456490.46935,13.715,0.01
2456490.4750011,2456490.47221,13.73,0.01
2456490.47787087,2456490.47508,13.766,0.01
2456490.48073063,2456490.47794,13.769,0.01
2456490.4836004,2456490.48081,13.788,0.011
2456490.48647017,2456490.48368,13.79,0.01
2456490.48932993,2456490.48654,13.796,0.01
2456490.4921997,2456490.48941,13.811,0.014
2456490.49506947,2456490.49228,13.809,0.01
2456490.49793923,2456490.49515,13.758,0.01
2456490.500809,2456490.49802,13.769,0.011
2456490.50367877,2456490.50089,13.754,0.011
2456490.50676852,2456490.50398,13.734,0.01
2456490.51012824,2456490.50734,13.691,0.01
2456490.51346797,2456490.51068,13.699,0.01
2456490.5168177,2456490.51403,13.704,0.01
2456490.52016743,2456490.51738,13.709,0.01
2456490.52352715,2456490.52074,13.711,0.01
2456490.52688688,2456490.5241,13.722,0.01
2456490.53011662,2456490.52733,13.726,0.01
2456490.53334636,2456490.53056,13.704,0.01
2456490.53656609,2456490.53378,13.761,0.011
2456490.53979583,2456490.53701,13.763,0.01
2456490.54302557,2456490.54024,13.762,0.011
2456490.5462553,2456490.54347,13.775,0.01
2456490.54948504,2456490.5467,13.763,0.01
2456490.55271478,2456490.54993,13.753,0.01
2456490.55594452,2456490.55316,13.789,0.01
2456490.55917425,2456490.55639,13.786,0.011
2456490.56240399,2456490.55962,13.786,0.01
2456490.56564373,2456490.56286,13.796,0.01
2456490.56887347,2456490.56609,13.796,0.011
2456490.5721032,2456490.56932,13.766,0.011
2456490.57534294,2456490.57256,13.782,0.01
2456490.57858268,2456490.5758,13.753,0.01
2456490.58181241,2456490.57903,13.73,0.01
2456490.58505215,2456490.58227,13.718,0.011
2456490.58829189,2456490.58551,13.716,0.011
2456490.59153162,2456490.58875,13.709,0.01
2456490.59477136,2456490.59199,13.727,0.01
2456490.59801109,2456490.59523,13.735,0.011
2456490.60125083,2456490.59847,13.758,0.011
2456490.60449057,2456490.60171,13.717,0.011
2456490.6077503,2456490.60497,13.706,0.011
2456490.61099004,2456490.60821,13.723,0.011
2456490.61422977,2456490.61145,13.751,0.012
2456490.61746951,2456490.61469,13.775,0.012
2456490.62072925,2456490.61795,13.788,0.012
2456490.62397898,2456490.6212,13.758,0.013
2456490.62723872,2456490.62446,13.79,0.013
2456490.63049845,2456490.62772,13.786,0.012
2456490.63374819,2456490.63097,13.772,0.013
2456490.63701792,2456490.63424,13.825,0.013
2456490.64027766,2456490.6375,13.802,0.012
2456490.64353739,2456490.64076,13.818,0.013
2456490.64679713,2456490.64402,13.785,0.013
2456490.65005686,2456490.64728,13.775,0.013
2456490.6533066,2456490.65053,13.773,0.013
2456490.65657633,2456490.6538,13.793,0.014
2456490.65983606,2456490.65706,13.735,0.014
2456491.47161981,2456491.46891,13.931,0.013
2456491.47446957,2456491.47176,13.958,0.013
2456491.47732934,2456491.47462,13.97,0.013
2456491.48017911,2456491.47747,13.957,0.012
2456491.48302887,2456491.48032,13.949,0.013
2456491.48588864,2456491.48318,13.939,0.016
2456491.48874841,2456491.48604,13.959,0.016
2456491.49160817,2456491.4889,13.959,0.012
2456491.49446794,2456491.49176,13.922,0.012
2456491.4973277,2456491.49462,13.907,0.013
2456491.50018747,2456491.49748,13.92,0.012
2456491.50327722,2456491.50057,13.877,0.012
2456491.50661694,2456491.50391,13.857,0.012
2456491.50996667,2456491.50726,13.849,0.012
2456491.5133164,2456491.51061,13.836,0.012
2456491.51667612,2456491.51397,13.877,0.012
2456491.52001585,2456491.51731,13.9,0.012
2456491.52337557,2456491.52067,13.885,0.012
2456491.5267353,2456491.52403,13.905,0.012
2456491.52993503,2456491.52723,13.931,0.013
2456491.53316477,2456491.53046,13.91,0.013
2456491.53638451,2456491.53368,13.893,0.013
2456491.53959424,2456491.53689,13.893,0.013
2456491.54280398,2456491.5401,13.903,0.014
2456491.54603372,2456491.54333,13.942,0.013
2456491.54925345,2456491.54655,13.921,0.014
2456491.55247319,2456491.54977,13.904,0.079
2456491.55892266,2456491.55622,14.11,0.079
2456491.5621624,2456491.55946,14.144,0.082
2456491.56539213,2456491.56269,13.93,0.047
2456491.56861187,2456491.56591,14.038,0.031
2456491.5718416,2456491.56914,13.967,0.041
2456491.57508134,2456491.57238,13.995,0.085
2456491.57833107,2456491.57563,13.923,0.013
2456491.58154081,2456491.57884,13.926,0.013
2456491.58477054,2456491.58207,13.885,0.013
2456491.58800028,2456491.5853,13.865,0.013
2456491.59123002,2456491.58853,13.881,0.012
2456491.59445975,2456491.59176,13.929,0.013
2456491.59768949,2456491.59499,13.897,0.013
2456491.60092922,2456491.59823,13.915,0.013
2456491.60415896,2456491.60146,13.952,0.013
2456491.60739869,2456491.6047,13.9,0.013
2456491.61063843,2456491.60794,13.958,0.014
2456491.61387816,2456491.61118,13.967,0.013
2456491.61711789,2456491.61442,13.952,0.014
2456491.62035763,2456491.61766,13.961,0.013
2456491.62360736,2456491.62091,14.001,0.014
2456491.6268571,2456491.62416,13.966,0.014
2456491.63010683,2456491.62741,13.962,0.014
2456491.63335657,2456491.63066,13.991,0.014
2456491.6366163,2456491.63392,13.973,0.014
2456491.63987603,2456491.63718,13.992,0.014
2456491.64312576,2456491.64043,14.006,0.015
2456491.6463755,2456491.64368,14.009,0.015
2456491.64962523,2456491.64693,13.983,0.015
2456491.65289496,2456491.6502,13.965,0.015
2456491.6561447,2456491.65345,13.944,0.015
2456494.47477174,2456494.47231,16.688,0.075
2456494.48116121,2456494.4787,17.097,0.106
2456494.48712071,2456494.48466,16.88,0.096
2456494.49314021,2456494.49068,17.267,0.148
2456494.49994964,2456494.49749,17.112,0.117
2456494.50709905,2456494.50464,16.962,0.104
2456494.52112788,2456494.51867,16.791,0.084
2456494.52789731,2456494.52544,16.679,0.087
2456494.53465675,2456494.5322,16.638,0.089
2456494.54821562,2456494.54576,16.724,0.097
2456494.58894222,2456494.58649,16.73,0.085
2456494.59574166,2456494.59329,16.633,0.087
2456494.60254109,2456494.60009,16.694,0.082
2456494.61485006,2456494.6124,16.847,0.097
2456494.62085956,2456494.61841,16.743,0.097
2456718.52637614,2456718.523472,14.41,0.041
2456723.91733852,2456723.914,16.94,0.12
2456768.91843406,2456768.91264,17.312,0.108
2456771.91139349,2456771.90553,17.678,0.107
2456778.88261352,2456778.87664,17.91,0.164
2456799.72945717,2456799.72359,17.958,0.198
2456800.83123367,2456800.82539,17.291,0.07
2456802.83081653,2456802.82502,17.302,0.072
2456803.8268609,2456803.82109,17.476,0.076
2456806.82019538,2456806.81451,17.829,0.115
2456808.81305146,2456808.80743,17.768,0.104
2456809.81251733,2456809.80693,18.44,0.192
2456810.80437212,2456810.79882,17.588,0.094
2456811.8085051,2456811.80299,18.142,0.145
2456812.79738732,2456812.79191,17.744,0.102
2456813.80136764,2456813.79593,17.365,0.095
2456815.79197503,2456815.78662,18.07,0.185
2456816.79318155,2456816.78787,17.435,0.112
2456825.76881622,2456825.76395,17.977,0.217
2456826.12132777,2456826.116481,17.7706,0.1206
2456826.76606082,2456826.76125,17.798,0.11
2456830.75665794,2456830.75208,17.919,0.11
2456831.05776566,2456831.053206,18.3606,0.2045
2456831.74729742,2456831.74278,18.026,0.284
2456835.09467532,2456835.09037,18.6312,0.163
2456835.11586694,2456835.111563,18.2239,0.1214
2456837.7464693,2456837.74234,17.911,0.128
2456841.07330911,2456841.06941,18.6562,0.227
2456842.04811178,2456842.044282,18.5046,0.1633
2456843.07596681,2456843.072211,18.129,0.4537
2456846.99233206,2456846.988866,18.0232,0.2689
2456866.0425758,2456866.04066,18.4433,0.2144
2456873.02530245,2456873.023993,18.3153,0.3047
2457069.20121737,2457069.199583,17.2961,0.2069
2457071.26204848,2457071.260231,17.7886,0.2717
2457078.2599396,2457078.257512,15.2938,0.0286
2457080.17657169,2457080.173981,17.9131,0.2745
2457082.19870951,2457082.195949,17.6324,0.1628
2457083.28117241,2457083.278322,18.1022,0.3147
2457084.24494382,2457084.242014,17.0618,0.1456
2457084.24494382,2457084.242014,17.0586,0.1451
2457086.1850438,2457086.181956,17.1399,0.2982
2457097.20373313,2457097.199803,17.3329,0.199
2457100.17345573,2457100.169317,18.2901,0.3672
2457102.17386924,2457102.169595,17.8291,0.3053
2457103.15724431,2457103.152905,17.9901,0.3772
2457104.2422229,2457104.237813,18.1325,0.3578
2457105.24893024,2457105.244456,18.3372,0.4015
2457107.24927471,2457107.244676,17.8773,0.3888
2457110.23258875,2457110.227813,14.7115,0.0207
2457112.29271582,2457112.287824,16.6847,0.4642
2457122.25386162,2457122.248484,16.4388,0.3497
2457124.26000864,2457124.254549,16.9045,0.347
2457125.18055343,2457125.175058,18.2516,0.5227
2457126.09622387,2457126.090694,17.6686,0.4418
2457134.03437841,2457134.0286,17.6791,0.335
2457135.26812381,2457135.262315,17.1665,0.2122
2457140.28950931,2457140.2836,13.4455,0.0081
2457142.16046215,2457142.154525,15.757,0.0763
2457146.21990358,2457146.213924,16.7697,0.3232
2457150.13144811,2457150.125451,17.7926,0.3829
2457158.98912295,2457158.983171,17.5078,0.2044
2457160.97994163,2457160.974016,17.872,0.2584
2457166.16692954,2457166.1611,17.7095,0.2456
2457209.03401734,2457209.030313,12.7234,0.0077
2457210.95630566,2457210.952743,12.9378,0.009
2457210.95725459,2457210.953692,12.9408,0.0091
2457210.95820352,2457210.954641,12.9557,0.009
2457210.95915245,2457210.95559,12.9482,0.0088
2457210.96012538,2457210.956563,12.9282,0.0088
2457210.96107431,2457210.957512,12.944,0.009
2457210.96202324,2457210.958461,12.9933,0.0084
2457210.96296017,2457210.959398,12.9787,0.0088
2457210.9638981,2457210.960336,12.9596,0.0092
2457210.96484703,2457210.961285,12.9213,0.0091
2457210.96579596,2457210.962234,12.9901,0.0088
2457210.96674488,2457210.963183,12.9528,0.0087
2457210.96770581,2457210.964144,12.9396,0.0097
2457210.96865474,2457210.965093,12.9869,0.0095
2457210.96961467,2457210.966053,12.9688,0.0092
2457210.9705526,2457210.966991,12.9577,0.0096
2457210.97150153,2457210.96794,12.945,0.0097
2457210.97246146,2457210.9689,12.958,0.0092
2457210.97339939,2457210.969838,12.9623,0.009
2457210.97431332,2457210.970752,12.9877,0.0092
2457210.97523925,2457210.971678,12.9515,0.0092
2457210.97618818,2457210.972627,12.9595,0.009
2457210.97712611,2457210.973565,12.9675,0.0089
2457210.97807504,2457210.974514,12.908,0.0086
2457210.97902397,2457210.975463,12.954,0.0093
2457210.9799849,2457210.976424,12.9048,0.0091
2457210.98093383,2457210.977373,12.8746,0.0095
2457210.98188276,2457210.978322,12.9027,0.0089
2457210.98283169,2457210.979271,12.906,0.0093
2457210.98376862,2457210.980208,12.8552,0.0093
2457210.98470655,2457210.981146,12.869,0.0088
2457210.98565548,2457210.982095,12.8342,0.009
2457210.98660441,2457210.983044,12.8572,0.0089
2457210.98754134,2457210.983981,12.8183,0.009
2457210.98850226,2457210.984942,12.7979,0.009
2457210.98946319,2457210.985903,12.7972,0.0083
2457210.99042312,2457210.986863,12.7742,0.0089
2457210.99136105,2457210.987801,12.7619,0.0093
2457210.99229798,2457210.988738,12.7755,0.0088
2457210.99324791,2457210.989688,12.7624,0.0088
2457210.99419684,2457210.990637,12.7511,0.009
2457210.99513377,2457210.991574,12.7216,0.0087
2457210.9960717,2457210.992512,12.7355,0.0089
2457210.99703163,2457210.993472,12.7429,0.0092
2457210.99798056,2457210.994421,12.765,0.009
2457210.99892949,2457210.99537,12.8075,0.0086
2457210.99987842,2457210.996319,12.8184,0.0088
2457211.00082835,2457210.997269,12.7988,0.0091
2457211.00177727,2457210.998218,12.8195,0.0089
2457211.0027372,2457210.999178,12.8083,0.0096
2457211.00368613,2457211.000127,12.8807,0.009
2457211.00463506,2457211.001076,12.8526,0.009
2457211.00558399,2457211.002025,12.8473,0.0092
2457211.00652192,2457211.002963,12.8348,0.0092
2457211.00745885,2457211.0039,12.8798,0.0088
2457211.00839678,2457211.004838,12.8395,0.0093
2457211.00934571,2457211.005787,12.8745,0.0089
2457211.01030664,2457211.006748,12.8776,0.0093
2457211.01125557,2457211.007697,12.898,0.0095
2457211.0121925,2457211.008634,12.8641,0.009
2457211.01315343,2457211.009595,12.926,0.0093
2457211.01409036,2457211.010532,12.9118,0.0092
2457211.01503929,2457211.011481,12.9089,0.0095
2457211.01598922,2457211.012431,12.9534,0.0089
2457211.01694915,2457211.013391,12.9161,0.0095
2457211.01791007,2457211.014352,12.9116,0.0095
2457211.018847,2457211.015289,12.9026,0.0095
2457211.01981993,2457211.016262,12.9142,0.009
2457211.02077986,2457211.017222,12.9018,0.0097
2457211.02172879,2457211.018171,12.9126,0.0094
2457211.02268972,2457211.019132,12.8781,0.0094
2457211.02362665,2457211.020069,12.9027,0.0096
2457211.02457658,2457211.021019,12.9148,0.0095
2457211.0255365,2457211.021979,12.8903,0.01
2457211.02649743,2457211.02294,12.9523,0.0097
2457211.02745736,2457211.0239,12.9118,0.0098
2457211.02840729,2457211.02485,12.9358,0.0097
2457211.02936722,2457211.02581,12.9419,0.01
2457211.03031615,2457211.026759,12.9773,0.0097
2457211.03127708,2457211.02772,12.9379,0.0094
2457211.03221401,2457211.028657,12.9759,0.01
2457211.03316294,2457211.029606,12.9471,0.0095
2457211.03410087,2457211.030544,12.9499,0.0097
2457211.03506179,2457211.031505,12.966,0.0095
2457211.03602172,2457211.032465,12.9393,0.01
2457211.03697065,2457211.033414,12.9611,0.0097
2457211.03793158,2457211.034375,12.9605,0.0099
2457211.03888051,2457211.035324,12.9163,0.0094
2457211.03982944,2457211.036273,12.9576,0.0097
2457211.04079037,2457211.037234,12.9962,0.0097
2457211.0417393,2457211.038183,12.944,0.0102
2457211.04268823,2457211.039132,12.9656,0.0099
2457211.04363716,2457211.040081,12.9452,0.0103
2457211.04457508,2457211.041019,13.0039,0.01
2457211.04552402,2457211.041968,12.9697,0.0101
2457211.04646095,2457211.042905,12.9709,0.0101
2457211.04740987,2457211.043854,12.9667,0.0105
2457211.0483478,2457211.044792,12.9807,0.0106
2457211.04926174,2457211.045706,12.9667,0.0105
